experiment_id,dataset_name,train_manifest,val_manifest,test_manifest,model_name,loss_name,seed,epochs,batch_size,learning_rate,target_sample_rate,n_fft,hop_length,win_length,segment_seconds,subset_fraction,max_train_items,max_train_eval_items,max_val_items,max_test_items,num_workers,pin_memory,early_stopping,patience,min_delta,compute_train_eval_loss,compute_test_loss,eval_mode,max_test_loss_items,max_files_to_eval,save_example_count,eval_every_n_epochs,results_dir,checkpoints_dir,device,use_amp,resume_from,best_val_loss,best_epoch,best_train_eval_loss,epochs_completed,early_stopped,train_time_total_sec,train_time_total_min,avg_epoch_time_sec,num_parameters,num_eval_files,mean_pesq_noisy,std_pesq_noisy,mean_pesq_enhanced,std_pesq_enhanced,mean_delta_pesq,std_delta_pesq,mean_stoi_noisy,std_stoi_noisy,mean_stoi_enhanced,std_stoi_enhanced,mean_delta_stoi,std_delta_stoi,mean_snr_noisy_est,std_snr_noisy_est,mean_snr_enhanced_est,std_snr_enhanced_est,mean_delta_snr_est,std_delta_snr_est,test_loss,eval_time_sec,eval_time_min,checkpoint_path,num_skipped_files,grad_clip_norm,use_lr_scheduler,lr_scheduler_patience,lr_scheduler_factor
dry_run_basecnn,voicebank,/scratch/lustre/home/igst9025/data/voicebank_28spk_manifest/train_manifest.csv,/scratch/lustre/home/igst9025/data/voicebank_28spk_manifest/val_manifest.csv,/scratch/lustre/home/igst9025/data/voicebank_28spk_manifest/test_manifest.csv,BaseCNN,L1,42,1,4,0.001,16000,512,128,512,1.0,0.01,20.0,,10.0,10.0,2,True,False,2,0.0001,True,True,full_chunks,,5.0,2,1,results,checkpoints,auto,True,,0.0685989683674227,1.0,0.0810153784496443,1.0,False,13.468719603028148,0.2244786600504691,13.36622427997645,19009.0,5,1.8151612758636475,0.8666743266619105,1.150723361968994,0.1342108400507321,-0.6644379138946533,0.7394909065937117,0.8711625667219675,0.086561606496158,0.8017486461772616,0.070671144362942,-0.0694139205447058,0.0172615234755375,8.712219580583778,2.600949772624852,0.1316803441999017,0.0068065984256287,-8.580539236383876,2.599618460240124,0.06613400131464,3.19061396701727,0.0531768994502878,checkpoints/dry_run_basecnn.pth,0,,,,
screen_lt_basecnn_lr1e3_l1,liepa,/scratch/lustre/home/igst9025/data/LIEPA_DEMAND/train_manifest.csv,/scratch/lustre/home/igst9025/data/LIEPA_DEMAND/val_manifest.csv,/scratch/lustre/home/igst9025/data/LIEPA_DEMAND/test_manifest.csv,BaseCNN,L1,42,20,16,0.001,16000,1024,256,1024,2.0,0.06,,,,,4,True,True,6,0.0001,True,True,full_chunks,,100.0,2,1,results,checkpoints,auto,True,,0.0167241148160022,10.0,0.0219241689893329,16.0,True,466.5149880119134,7.775249800198556,29.13916099074413,19009.0,100,1.9685936510562896,0.9155956484568216,2.192580471038818,0.7849000737835601,0.2239868199825286,0.7209224599607608,0.9020040365395356,0.2001400309288508,0.89742443807052,0.1982937933400232,-0.0045795984690156,0.0221184965409859,9.50001608760405,4.99999789486782,13.590950501569177,3.731513282320997,4.090934413965127,4.673367989455458,0.0204621047440877,47.927842505974695,0.7987973750995783,checkpoints/screen_lt_basecnn_lr1e3_l1.pth,0,,,,
screen_lt_basecnn_lr1e3_l1,liepa,/scratch/lustre/home/igst9025/data/LIEPA_DEMAND/train_manifest.csv,/scratch/lustre/home/igst9025/data/LIEPA_DEMAND/val_manifest.csv,/scratch/lustre/home/igst9025/data/LIEPA_DEMAND/test_manifest.csv,BaseCNN,L1,42,20,256,0.001,16000,1024,256,1024,2.0,0.02,,,,,10,True,True,6,0.0001,False,False,full_chunks,,100.0,2,5,results,checkpoints,auto,True,,0.0211992930557768,20.0,,20.0,False,110.06068920204416,1.8343448200340693,5.48275687789428,19009.0,100,1.9685936510562896,0.9155956484568216,2.058064408302307,0.7655042936977271,0.0894707572460174,0.7821681728619028,0.9020040365395356,0.2001400309288508,0.8972260187498625,0.1977135863530403,-0.004778017789673,0.0190883309401123,9.50001608760405,4.99999789486782,12.612456350053328,3.419544142091145,3.1124402624492795,4.534115383761394,,41.17950555495918,0.686325092582653,checkpoints/screen_lt_basecnn_lr1e3_l1.pth,0,5.0,True,3.0,0.5
screen_lt_basecnn_lr1e3_l2,liepa,/scratch/lustre/home/igst9025/data/LIEPA_DEMAND/train_manifest.csv,/scratch/lustre/home/igst9025/data/LIEPA_DEMAND/val_manifest.csv,/scratch/lustre/home/igst9025/data/LIEPA_DEMAND/test_manifest.csv,BaseCNN,L2,42,20,256,0.001,16000,1024,256,1024,2.0,0.02,,,,,10,True,True,6,0.0001,False,False,full_chunks,,100.0,2,5,results,checkpoints,auto,True,,0.004966466482413,18.0,,20.0,False,78.38117912306916,1.306352985384486,3.8987246341013817,19009.0,100,1.9685936510562896,0.9155956484568216,2.01442147731781,0.7213633246841208,0.0458278262615203,0.7393658289311386,0.9020040365395356,0.2001400309288508,0.8938237935302437,0.1961994325691004,-0.0081802430092921,0.0196089948876392,9.50001608760405,4.99999789486782,11.249414818411504,3.028604360089978,1.7493987308074506,4.372658076851238,,29.917914298945107,0.4986319049824184,checkpoints/screen_lt_basecnn_lr1e3_l2.pth,0,5.0,True,3.0,0.5
screen_lt_basecnn_lr5e4_l1,liepa,/scratch/lustre/home/igst9025/data/LIEPA_DEMAND/train_manifest.csv,/scratch/lustre/home/igst9025/data/LIEPA_DEMAND/val_manifest.csv,/scratch/lustre/home/igst9025/data/LIEPA_DEMAND/test_manifest.csv,BaseCNN,L1,42,20,256,0.0005,16000,1024,256,1024,2.0,0.02,,,,,10,True,True,6,0.0001,False,False,full_chunks,,100.0,2,5,results,checkpoints,auto,True,,0.0225094143238108,20.0,,20.0,False,77.97255663794931,1.2995426106324883,3.8806597255461375,19009.0,100,1.9685936510562896,0.9155956484568216,2.068886308670044,0.7727187785630649,0.1002926576137542,0.7861269760740862,0.9020040365395356,0.2001400309288508,0.8949567095826336,0.1969929739763548,-0.0070473269569018,0.0200697596284642,9.50001608760405,4.99999789486782,11.35747679613031,2.7739292805950897,1.8574607085262604,4.432045789836699,,29.593439241987653,0.4932239873664609,checkpoints/screen_lt_basecnn_lr5e4_l1.pth,0,5.0,True,3.0,0.5
screen_lt_basecnn_lr5e4_l2,liepa,/scratch/lustre/home/igst9025/data/LIEPA_DEMAND/train_manifest.csv,/scratch/lustre/home/igst9025/data/LIEPA_DEMAND/val_manifest.csv,/scratch/lustre/home/igst9025/data/LIEPA_DEMAND/test_manifest.csv,BaseCNN,L2,42,20,256,0.0005,16000,1024,256,1024,2.0,0.02,,,,,10,True,True,6,0.0001,False,False,full_chunks,,100.0,2,5,results,checkpoints,auto,True,,0.0052330888002732,20.0,,20.0,False,77.98119470197707,1.2996865783662843,3.878821671992773,19009.0,100,1.9685936510562896,0.9155956484568216,1.9904338681697848,0.6996146290470489,0.0218402171134948,0.7496335494815775,0.9020040365395356,0.2001400309288508,0.8911286591543153,0.1957313832598413,-0.0108753773852201,0.0195329896401365,9.50001608760405,4.99999789486782,11.267353283325331,3.135412441031212,1.7673371957212771,4.363575487423081,,29.53747596894391,0.4922912661490651,checkpoints/screen_lt_basecnn_lr5e4_l2.pth,0,5.0,True,3.0,0.5
screen_lt_maskcnn_lr1e3_l1,liepa,/scratch/lustre/home/igst9025/data/LIEPA_DEMAND/train_manifest.csv,/scratch/lustre/home/igst9025/data/LIEPA_DEMAND/val_manifest.csv,/scratch/lustre/home/igst9025/data/LIEPA_DEMAND/test_manifest.csv,MaskCNN,L1,42,20,256,0.001,16000,1024,256,1024,2.0,0.02,,,,,10,True,True,6,0.0001,False,False,full_chunks,,100.0,2,5,results,checkpoints,auto,True,,0.01564408355724,20.0,,20.0,False,79.00872191798408,1.3168120319664012,3.9334076152415935,19009.0,100,1.9685936510562896,0.9155956484568216,2.199146536588669,0.7988973951490944,0.2305528855323791,0.6124248778470107,0.9020040365395356,0.2001400309288508,0.894380940336869,0.1982191533031626,-0.0076230962026665,0.0199303547555506,9.50001608760405,4.99999789486782,15.948219461511885,6.423122355245529,6.448203373907831,5.686495786260143,,29.48778980295174,0.491463163382529,checkpoints/screen_lt_maskcnn_lr1e3_l1.pth,0,5.0,True,3.0,0.5
screen_lt_maskcnn_lr1e3_l2,liepa,/scratch/lustre/home/igst9025/data/LIEPA_DEMAND/train_manifest.csv,/scratch/lustre/home/igst9025/data/LIEPA_DEMAND/val_manifest.csv,/scratch/lustre/home/igst9025/data/LIEPA_DEMAND/test_manifest.csv,MaskCNN,L2,42,20,256,0.001,16000,1024,256,1024,2.0,0.02,,,,,10,True,True,6,0.0001,False,False,full_chunks,,100.0,2,5,results,checkpoints,auto,True,,0.0035320841233735,18.0,,20.0,False,78.05097860703245,1.3008496434505408,3.88726512544672,19009.0,100,1.9685936510562896,0.9155956484568216,2.3093159699440005,0.8736381948626332,0.3407223188877106,0.3509726701359995,0.9020040365395356,0.2001400309288508,0.9000429076968202,0.1977363697164447,-0.0019611288427152,0.0136237999876311,9.50001608760405,4.99999789486782,14.393307904649507,4.59583728333559,4.893291817045455,4.548933960229616,,29.498405143036507,0.4916400857172751,checkpoints/screen_lt_maskcnn_lr1e3_l2.pth,0,5.0,True,3.0,0.5
screen_lt_maskcnn_lr5e4_l1,liepa,/scratch/lustre/home/igst9025/data/LIEPA_DEMAND/train_manifest.csv,/scratch/lustre/home/igst9025/data/LIEPA_DEMAND/val_manifest.csv,/scratch/lustre/home/igst9025/data/LIEPA_DEMAND/test_manifest.csv,MaskCNN,L1,42,20,256,0.0005,16000,1024,256,1024,2.0,0.02,,,,,10,True,True,6,0.0001,False,False,full_chunks,,100.0,2,5,results,checkpoints,auto,True,,0.0165195662401995,19.0,,20.0,False,78.36491253599524,1.3060818755999208,3.9017080630059353,19009.0,100,1.9685936510562896,0.9155956484568216,2.215539262294769,0.7877713815466442,0.2469456112384796,0.5775277639303021,0.9020040365395356,0.2001400309288508,0.8953331933820177,0.1972473564093346,-0.0066708431575179,0.0192797031693328,9.50001608760405,4.99999789486782,15.823371851175745,5.978707050462623,6.323355763571694,5.37858301993418,,29.46771756396629,0.4911286260661048,checkpoints/screen_lt_maskcnn_lr5e4_l1.pth,0,5.0,True,3.0,0.5
screen_lt_maskcnn_lr5e4_l2,liepa,/scratch/lustre/home/igst9025/data/LIEPA_DEMAND/train_manifest.csv,/scratch/lustre/home/igst9025/data/LIEPA_DEMAND/val_manifest.csv,/scratch/lustre/home/igst9025/data/LIEPA_DEMAND/test_manifest.csv,MaskCNN,L2,42,20,256,0.0005,16000,1024,256,1024,2.0,0.02,,,,,10,True,True,6,0.0001,False,False,full_chunks,,100.0,2,5,results,checkpoints,auto,True,,0.0037646280933108,18.0,,20.0,False,78.7379259869922,1.31229876644987,3.9215959197958,19009.0,100,1.9685936510562896,0.9155956484568216,2.3057860481739043,0.8789579792717139,0.3371923971176147,0.334060146996573,0.9020040365395356,0.2001400309288508,0.8998777507497205,0.1978203801148936,-0.0021262857898151,0.0123898439077144,9.50001608760405,4.99999789486782,14.112410042695323,4.428502821289856,4.612393955091274,4.532878875809114,,29.81874385697301,0.4969790642828836,checkpoints/screen_lt_maskcnn_lr5e4_l2.pth,0,5.0,True,3.0,0.5
screen_lt_dilatedcnn_lr1e3_l1,liepa,/scratch/lustre/home/igst9025/data/LIEPA_DEMAND/train_manifest.csv,/scratch/lustre/home/igst9025/data/LIEPA_DEMAND/val_manifest.csv,/scratch/lustre/home/igst9025/data/LIEPA_DEMAND/test_manifest.csv,DilatedCNN,L1,42,20,256,0.001,16000,1024,256,1024,2.0,0.02,,,,,10,True,True,6,0.0001,False,False,full_chunks,,100.0,2,5,results,checkpoints,auto,True,,0.0210590629948902,20.0,,20.0,False,93.67984209698623,1.5613307016164375,4.666043195780366,19009.0,100,1.9685936510562896,0.9155956484568216,1.94758290052414,0.6532542362537473,-0.0210107505321502,0.8165641377477103,0.9020040365395356,0.2001400309288508,0.8945270873554422,0.1965583352290426,-0.0074769491840932,0.0216538982200659,9.50001608760405,4.99999789486782,12.873439878732498,3.712342188511656,3.373423791128443,4.564298263820684,,33.11170680203941,0.5518617800339901,checkpoints/screen_lt_dilatedcnn_lr1e3_l1.pth,0,5.0,True,3.0,0.5
screen_lt_dilatedcnn_lr1e3_l2,liepa,/scratch/lustre/home/igst9025/data/LIEPA_DEMAND/train_manifest.csv,/scratch/lustre/home/igst9025/data/LIEPA_DEMAND/val_manifest.csv,/scratch/lustre/home/igst9025/data/LIEPA_DEMAND/test_manifest.csv,DilatedCNN,L2,42,20,256,0.001,16000,1024,256,1024,2.0,0.02,,,,,10,True,True,6,0.0001,False,False,full_chunks,,100.0,2,5,results,checkpoints,auto,True,,0.0050078334002676,19.0,,20.0,False,79.35496538993903,1.3225827564989838,3.949974537861999,19009.0,100,1.9685936510562896,0.9155956484568216,1.870108301639557,0.5774925072064095,-0.0984853494167327,0.8029906109957267,0.9020040365395356,0.2001400309288508,0.8897231912725496,0.195566410373363,-0.0122808452669859,0.0254758390867886,9.50001608760405,4.99999789486782,12.386901911877253,3.716587250236629,2.886885824273199,4.4170108000308215,,29.67065043700859,0.4945108406168098,checkpoints/screen_lt_dilatedcnn_lr1e3_l2.pth,0,5.0,True,3.0,0.5
screen_lt_dilatedcnn_lr5e4_l1,liepa,/scratch/lustre/home/igst9025/data/LIEPA_DEMAND/train_manifest.csv,/scratch/lustre/home/igst9025/data/LIEPA_DEMAND/val_manifest.csv,/scratch/lustre/home/igst9025/data/LIEPA_DEMAND/test_manifest.csv,DilatedCNN,L1,42,20,256,0.0005,16000,1024,256,1024,2.0,0.02,,,,,10,True,True,6,0.0001,False,False,full_chunks,,100.0,2,5,results,checkpoints,auto,True,,0.0231591470350148,20.0,,20.0,False,78.98279707704205,1.3163799512840342,3.9299130335450174,19009.0,100,1.9685936510562896,0.9155956484568216,1.9040425026416776,0.613349327504396,-0.0645511484146118,0.8499828483294203,0.9020040365395356,0.2001400309288508,0.8881714684311066,0.1954158024921192,-0.013832568108429,0.023768756908792,9.50001608760405,4.99999789486782,12.298134865453024,3.465095749985754,2.798118777848968,4.526684161394352,,29.81924872007221,0.4969874786678702,checkpoints/screen_lt_dilatedcnn_lr5e4_l1.pth,0,5.0,True,3.0,0.5
screen_lt_dilatedcnn_lr5e4_l2,liepa,/scratch/lustre/home/igst9025/data/LIEPA_DEMAND/train_manifest.csv,/scratch/lustre/home/igst9025/data/LIEPA_DEMAND/val_manifest.csv,/scratch/lustre/home/igst9025/data/LIEPA_DEMAND/test_manifest.csv,DilatedCNN,L2,42,20,256,0.0005,16000,1024,256,1024,2.0,0.02,,,,,10,True,True,6,0.0001,False,False,full_chunks,,100.0,2,5,results,checkpoints,auto,True,,0.0055338619276881,20.0,,20.0,False,79.5854878469836,1.3264247974497263,3.961631049902644,19009.0,100,1.9685936510562896,0.9155956484568216,1.8717194938659667,0.5846664968815406,-0.0968741571903228,0.8265413854332558,0.9020040365395356,0.2001400309288508,0.8855920414915921,0.1947054637735284,-0.0164119950479434,0.0262797176336486,9.50001608760405,4.99999789486782,11.793753213531213,3.35940050807902,2.2937371259271577,4.2920083958779855,,29.65932985208929,0.4943221642014881,checkpoints/screen_lt_dilatedcnn_lr5e4_l2.pth,0,5.0,True,3.0,0.5
screen_lt_dilatedmaskcnn_lr1e3_l1,liepa,/scratch/lustre/home/igst9025/data/LIEPA_DEMAND/train_manifest.csv,/scratch/lustre/home/igst9025/data/LIEPA_DEMAND/val_manifest.csv,/scratch/lustre/home/igst9025/data/LIEPA_DEMAND/test_manifest.csv,DilatedMaskCNN,L1,42,20,256,0.001,16000,1024,256,1024,2.0,0.02,,,,,10,True,True,6,0.0001,False,False,full_chunks,,100.0,2,5,results,checkpoints,auto,True,,0.0137330510385208,18.0,,20.0,False,78.96795868698973,1.3161326447831625,3.9330109655391423,19009.0,100,1.9685936510562896,0.9155956484568216,2.290644329786301,0.845773158057227,0.322050678730011,0.6017623535760674,0.9020040365395356,0.2001400309288508,0.9010493708455232,0.1989013206839764,-0.0009546656940124,0.0156650792406668,9.50001608760405,4.99999789486782,17.567575265711856,7.394482157831228,8.0675591781078,6.329565967799673,,29.68348508398049,0.4947247513996747,checkpoints/screen_lt_dilatedmaskcnn_lr1e3_l1.pth,0,5.0,True,3.0,0.5
screen_lt_dilatedmaskcnn_lr1e3_l2,liepa,/scratch/lustre/home/igst9025/data/LIEPA_DEMAND/train_manifest.csv,/scratch/lustre/home/igst9025/data/LIEPA_DEMAND/val_manifest.csv,/scratch/lustre/home/igst9025/data/LIEPA_DEMAND/test_manifest.csv,DilatedMaskCNN,L2,42,20,256,0.001,16000,1024,256,1024,2.0,0.02,,,,,10,True,True,6,0.0001,False,False,full_chunks,,100.0,2,5,results,checkpoints,auto,True,,0.0030244949897277,17.0,,20.0,False,79.31436462304555,1.3219060770507591,3.949823023309,19009.0,100,1.9685936510562896,0.9155956484568216,2.333212057352066,0.8808511683107392,0.3646184062957763,0.3319058606749067,0.9020040365395356,0.2001400309288508,0.904011764841048,0.1981959913305886,0.0020077283015124,0.0130424996882674,9.50001608760405,4.99999789486782,16.1781596863378,5.817914752143623,6.6781435987337465,5.085642167859241,,29.42233011394273,0.4903721685657122,checkpoints/screen_lt_dilatedmaskcnn_lr1e3_l2.pth,0,5.0,True,3.0,0.5
screen_lt_dilatedmaskcnn_lr5e4_l1,liepa,/scratch/lustre/home/igst9025/data/LIEPA_DEMAND/train_manifest.csv,/scratch/lustre/home/igst9025/data/LIEPA_DEMAND/val_manifest.csv,/scratch/lustre/home/igst9025/data/LIEPA_DEMAND/test_manifest.csv,DilatedMaskCNN,L1,42,20,256,0.0005,16000,1024,256,1024,2.0,0.02,,,,,10,True,True,6,0.0001,False,False,full_chunks,,100.0,2,5,results,checkpoints,auto,True,,0.0144184287321769,20.0,,20.0,False,78.87597981991712,1.3145996636652852,3.9276923084806175,19009.0,100,1.9685936510562896,0.9155956484568216,2.295536803007126,0.84130642521058,0.3269431519508362,0.5246834400647657,0.9020040365395356,0.2001400309288508,0.900927433481976,0.1991015408358687,-0.0010766030575595,0.0142616109643608,9.50001608760405,4.99999789486782,17.343886633567898,7.293160457760365,7.843870545963846,6.222308037302297,,29.66669482097496,0.4944449136829159,checkpoints/screen_lt_dilatedmaskcnn_lr5e4_l1.pth,0,5.0,True,3.0,0.5
screen_lt_dilatedmaskcnn_lr5e4_l2,liepa,/scratch/lustre/home/igst9025/data/LIEPA_DEMAND/train_manifest.csv,/scratch/lustre/home/igst9025/data/LIEPA_DEMAND/val_manifest.csv,/scratch/lustre/home/igst9025/data/LIEPA_DEMAND/test_manifest.csv,DilatedMaskCNN,L2,42,20,256,0.0005,16000,1024,256,1024,2.0,0.02,,,,,10,True,True,6,0.0001,False,False,full_chunks,,100.0,2,5,results,checkpoints,auto,True,,0.0031043526921736,19.0,,20.0,False,78.91882808192167,1.3153138013653611,3.929339319252176,19009.0,100,1.9685936510562896,0.9155956484568216,2.3346652495861053,0.8895025404599618,0.3660715985298157,0.3293449471665976,0.9020040365395356,0.2001400309288508,0.90343574932114,0.1984021590315894,0.0014317127816045,0.0122643126370179,9.50001608760405,4.99999789486782,15.889925253366943,5.880210945197456,6.38990916576289,5.1252522288532205,,29.58586020604708,0.4930976701007845,checkpoints/screen_lt_dilatedmaskcnn_lr5e4_l2.pth,0,5.0,True,3.0,0.5
screen_lt_cnnautoencoder_lr1e3_l1,liepa,/scratch/lustre/home/igst9025/data/LIEPA_DEMAND/train_manifest.csv,/scratch/lustre/home/igst9025/data/LIEPA_DEMAND/val_manifest.csv,/scratch/lustre/home/igst9025/data/LIEPA_DEMAND/test_manifest.csv,CNNAutoencoder,L1,42,20,256,0.001,16000,1024,256,1024,2.0,0.02,,,,,10,True,True,6,0.0001,False,False,full_chunks,,100.0,2,5,results,checkpoints,auto,True,,0.0268512104590565,20.0,,20.0,False,76.26148501294665,1.2710247502157774,3.792866917920765,64769.0,100,1.9685936510562896,0.9155956484568216,1.9849742555618288,0.6322899192788144,0.0163806045055389,0.8143516296650943,0.9020040365395356,0.2001400309288508,0.8665578202794595,0.1920483877324963,-0.0354462162600759,0.027642905470413,9.50001608760405,4.99999789486782,9.451799462314703,2.26751962995992,-0.0482166252893459,4.774514981782689,,42.70410465099849,0.7117350775166414,checkpoints/screen_lt_cnnautoencoder_lr1e3_l1.pth,0,5.0,True,3.0,0.5
screen_lt_cnnautoencoder_lr1e3_l2,liepa,/scratch/lustre/home/igst9025/data/LIEPA_DEMAND/train_manifest.csv,/scratch/lustre/home/igst9025/data/LIEPA_DEMAND/val_manifest.csv,/scratch/lustre/home/igst9025/data/LIEPA_DEMAND/test_manifest.csv,CNNAutoencoder,L2,42,20,256,0.001,16000,1024,256,1024,2.0,0.02,,,,,10,True,True,6,0.0001,False,False,full_chunks,,100.0,2,5,results,checkpoints,auto,True,,0.0067576694507467,18.0,,20.0,False,64.02868950401898,1.067144825066983,3.181248312001117,64769.0,100,1.9685936510562896,0.9155956484568216,1.905700994729996,0.5593007860600527,-0.0628926563262939,0.6769718665801928,0.9020040365395356,0.2001400309288508,0.8680852444177666,0.1918627925638391,-0.033918792121769,0.0274223998043512,9.50001608760405,4.99999789486782,9.500382517539926,2.469655222687537,0.0003664299358724,4.392718196537823,,29.918485172092915,0.4986414195348819,checkpoints/screen_lt_cnnautoencoder_lr1e3_l2.pth,0,5.0,True,3.0,0.5
screen_lt_cnnautoencoder_lr5e4_l1,liepa,/scratch/lustre/home/igst9025/data/LIEPA_DEMAND/train_manifest.csv,/scratch/lustre/home/igst9025/data/LIEPA_DEMAND/val_manifest.csv,/scratch/lustre/home/igst9025/data/LIEPA_DEMAND/test_manifest.csv,CNNAutoencoder,L1,42,20,256,0.0005,16000,1024,256,1024,2.0,0.02,,,,,10,True,True,6,0.0001,False,False,full_chunks,,100.0,2,5,results,checkpoints,auto,True,,0.0278131846906775,19.0,,20.0,False,64.17691846692469,1.0696153077820785,3.1893218901590443,64769.0,100,1.9685936510562896,0.9155956484568216,1.9197379291057584,0.5823615530467415,-0.048855721950531,0.8282131022939012,0.9020040365395356,0.2001400309288508,0.8603948348004529,0.1910069671495272,-0.0416092017390826,0.0284789928787157,9.50001608760405,4.99999789486782,9.414527139237077,2.352260315406028,-0.0854889483669768,4.582761415234406,,30.490918814903125,0.5081819802483855,checkpoints/screen_lt_cnnautoencoder_lr5e4_l1.pth,0,5.0,True,3.0,0.5
screen_lt_cnnautoencoder_lr5e4_l2,liepa,/scratch/lustre/home/igst9025/data/LIEPA_DEMAND/train_manifest.csv,/scratch/lustre/home/igst9025/data/LIEPA_DEMAND/val_manifest.csv,/scratch/lustre/home/igst9025/data/LIEPA_DEMAND/test_manifest.csv,CNNAutoencoder,L2,42,20,256,0.0005,16000,1024,256,1024,2.0,0.02,,,,,10,True,True,6,0.0001,False,False,full_chunks,,100.0,2,5,results,checkpoints,auto,True,,0.0071631310255093,19.0,,20.0,False,64.47509719897062,1.0745849533161769,3.204006309225224,64769.0,100,1.9685936510562896,0.9155956484568216,1.925879031419754,0.5689923997031028,-0.0427146196365356,0.6430399423998698,0.9020040365395356,0.2001400309288508,0.8654048407343921,0.1916414349815485,-0.0365991958051435,0.0265233528806002,9.50001608760405,4.99999789486782,9.66171185228172,2.537010975469697,0.1616957646776694,4.464959545251503,,30.05735477397684,0.500955912899614,checkpoints/screen_lt_cnnautoencoder_lr5e4_l2.pth,0,5.0,True,3.0,0.5
screen_lt_unetcnn_lr1e3_l1,liepa,/scratch/lustre/home/igst9025/data/LIEPA_DEMAND/train_manifest.csv,/scratch/lustre/home/igst9025/data/LIEPA_DEMAND/val_manifest.csv,/scratch/lustre/home/igst9025/data/LIEPA_DEMAND/test_manifest.csv,UNetCNN,L1,42,20,256,0.001,16000,1024,256,1024,2.0,0.02,,,,,10,True,True,6,0.0001,False,False,full_chunks,,100.0,2,5,results,checkpoints,auto,True,,0.0150663572032067,18.0,,20.0,False,84.91030120605137,1.4151716867675228,4.218447805347386,124913.0,100,1.9685936510562896,0.9155956484568216,2.0847700357437136,0.8162644778417796,0.1161763846874237,0.6976676139177119,0.9020040365395356,0.2001400309288508,0.898588505642207,0.1996884253270127,-0.0034155308973284,0.0174172040665015,9.50001608760405,4.99999789486782,16.562639846561236,6.258006176874038,7.06262375895718,5.597808867544915,,38.90401809895411,0.6484003016492352,checkpoints/screen_lt_unetcnn_lr1e3_l1.pth,0,5.0,True,3.0,0.5
screen_lt_unetcnn_lr1e3_l2,liepa,/scratch/lustre/home/igst9025/data/LIEPA_DEMAND/train_manifest.csv,/scratch/lustre/home/igst9025/data/LIEPA_DEMAND/val_manifest.csv,/scratch/lustre/home/igst9025/data/LIEPA_DEMAND/test_manifest.csv,UNetCNN,L2,42,20,256,0.001,16000,1024,256,1024,2.0,0.02,,,,,10,True,True,6,0.0001,False,False,full_chunks,,100.0,2,5,results,checkpoints,auto,True,,0.0035072015045936,17.0,,20.0,False,77.59379436203744,1.2932299060339574,3.8532447910460177,124913.0,100,1.9685936510562896,0.9155956484568216,2.0508930015563966,0.7294031402658826,0.0822993505001068,0.7114718580430082,0.9020040365395356,0.2001400309288508,0.9019035609127098,0.1986916474734686,-0.0001004756268255,0.0169262545614115,9.50001608760405,4.99999789486782,14.693402425997254,4.471663790518898,5.193386338393197,4.508632032868202,,30.168359847040847,0.5028059974506808,checkpoints/screen_lt_unetcnn_lr1e3_l2.pth,0,5.0,True,3.0,0.5
screen_lt_unetcnn_lr5e4_l1,liepa,/scratch/lustre/home/igst9025/data/LIEPA_DEMAND/train_manifest.csv,/scratch/lustre/home/igst9025/data/LIEPA_DEMAND/val_manifest.csv,/scratch/lustre/home/igst9025/data/LIEPA_DEMAND/test_manifest.csv,UNetCNN,L1,42,20,256,0.0005,16000,1024,256,1024,2.0,0.02,,,,,10,True,True,6,0.0001,False,False,full_chunks,,100.0,2,5,results,checkpoints,auto,True,,0.01647311338555,20.0,,20.0,False,78.80902032996528,1.313483672166088,3.9113626417471097,124913.0,100,1.9685936510562896,0.9155956484568216,2.049016479253769,0.7739785056120483,0.0804228281974792,0.6828813742269529,0.9020040365395356,0.2001400309288508,0.9002493108203277,0.1998428928403736,-0.0017547257192078,0.0166735996227718,9.50001608760405,4.99999789486782,14.78040256891556,4.745899192499377,5.280386481311508,4.877051479746459,,30.266959353000857,0.5044493225500143,checkpoints/screen_lt_unetcnn_lr5e4_l1.pth,0,5.0,True,3.0,0.5
screen_lt_unetcnn_lr5e4_l2,liepa,/scratch/lustre/home/igst9025/data/LIEPA_DEMAND/train_manifest.csv,/scratch/lustre/home/igst9025/data/LIEPA_DEMAND/val_manifest.csv,/scratch/lustre/home/igst9025/data/LIEPA_DEMAND/test_manifest.csv,UNetCNN,L2,42,20,256,0.0005,16000,1024,256,1024,2.0,0.02,,,,,10,True,True,6,0.0001,False,False,full_chunks,,100.0,2,5,results,checkpoints,auto,True,,0.0037618492240622,18.0,,20.0,False,78.35705983894877,1.3059509973158128,3.879881039063912,124913.0,100,1.9685936510562896,0.9155956484568216,2.0374531877040862,0.7152587993161135,0.0688595366477966,0.770332845223687,0.9020040365395356,0.2001400309288508,0.8983995833369657,0.1982931575068322,-0.0036044532025699,0.0192220077339274,9.50001608760405,4.99999789486782,13.585409542558102,4.029483961761347,4.085393454954053,4.453689954860226,,30.06528437300585,0.5010880728834308,checkpoints/screen_lt_unetcnn_lr5e4_l2.pth,0,5.0,True,3.0,0.5
screen_lt_unetmaskcnn_lr1e3_l1,liepa,/scratch/lustre/home/igst9025/data/LIEPA_DEMAND/train_manifest.csv,/scratch/lustre/home/igst9025/data/LIEPA_DEMAND/val_manifest.csv,/scratch/lustre/home/igst9025/data/LIEPA_DEMAND/test_manifest.csv,UNetMaskCNN,L1,42,20,256,0.001,16000,1024,256,1024,2.0,0.02,,,,,10,True,True,6,0.0001,False,False,full_chunks,,100.0,2,5,results,checkpoints,auto,True,,0.0125552692245376,20.0,,20.0,False,78.16678916104138,1.3027798193506896,3.880093065457186,124913.0,100,1.9685936510562896,0.9155956484568216,2.300480109453201,0.8526632177645055,0.3318864583969116,0.5898618155333046,0.9020040365395356,0.2001400309288508,0.9018446353627558,0.1999683776261903,-0.0001594011767797,0.01423984736904,9.50001608760405,4.99999789486782,17.834407644167264,7.399024174109712,8.334391556563213,6.3660354045430045,,29.944566289079376,0.4990761048179896,checkpoints/screen_lt_unetmaskcnn_lr1e3_l1.pth,0,5.0,True,3.0,0.5
screen_lt_unetmaskcnn_lr1e3_l2,liepa,/scratch/lustre/home/igst9025/data/LIEPA_DEMAND/train_manifest.csv,/scratch/lustre/home/igst9025/data/LIEPA_DEMAND/val_manifest.csv,/scratch/lustre/home/igst9025/data/LIEPA_DEMAND/test_manifest.csv,UNetMaskCNN,L2,42,20,256,0.001,16000,1024,256,1024,2.0,0.02,,,,,10,True,True,6,0.0001,False,False,full_chunks,,100.0,2,5,results,checkpoints,auto,True,,0.0026964814228526,20.0,,20.0,False,77.8920139420079,1.2982002323667985,3.868556984892348,124913.0,100,1.9685936510562896,0.9155956484568216,2.367962018251419,0.8814345208788567,0.3993683671951294,0.3555425610964843,0.9020040365395356,0.2001400309288508,0.9037274016285132,0.1986581202276551,0.0017233650889777,0.0124443563195567,9.50001608760405,4.99999789486782,16.119093891030545,5.75199983340588,6.619077803426493,5.041435674130427,,29.74923185200896,0.495820530866816,checkpoints/screen_lt_unetmaskcnn_lr1e3_l2.pth,0,5.0,True,3.0,0.5
screen_lt_unetmaskcnn_lr5e4_l1,liepa,/scratch/lustre/home/igst9025/data/LIEPA_DEMAND/train_manifest.csv,/scratch/lustre/home/igst9025/data/LIEPA_DEMAND/val_manifest.csv,/scratch/lustre/home/igst9025/data/LIEPA_DEMAND/test_manifest.csv,UNetMaskCNN,L1,42,20,256,0.0005,16000,1024,256,1024,2.0,0.02,,,,,10,True,True,6,0.0001,False,False,full_chunks,,100.0,2,5,results,checkpoints,auto,True,,0.0135921238432243,20.0,,20.0,False,78.45919390406925,1.3076532317344876,3.894714485859731,124913.0,100,1.9685936510562896,0.9155956484568216,2.3007296776771544,0.8645109894317311,0.3321360266208649,0.4898046685018568,0.9020040365395356,0.2001400309288508,0.903976158765055,0.1997788411273986,0.0019721222255193,0.0123947912311213,9.50001608760405,4.99999789486782,17.43988131103249,6.891686458575236,7.939865223428434,5.8302068435839285,,29.75667422893457,0.4959445704822428,checkpoints/screen_lt_unetmaskcnn_lr5e4_l1.pth,0,5.0,True,3.0,0.5
screen_lt_unetmaskcnn_lr5e4_l2,liepa,/scratch/lustre/home/igst9025/data/LIEPA_DEMAND/train_manifest.csv,/scratch/lustre/home/igst9025/data/LIEPA_DEMAND/val_manifest.csv,/scratch/lustre/home/igst9025/data/LIEPA_DEMAND/test_manifest.csv,UNetMaskCNN,L2,42,20,256,0.0005,16000,1024,256,1024,2.0,0.02,,,,,10,True,True,6,0.0001,False,False,full_chunks,,100.0,2,5,results,checkpoints,auto,True,,0.0028525834579525,20.0,,20.0,False,77.64891608105972,1.2941486013509953,3.85489589999197,124913.0,100,1.9685936510562896,0.9155956484568216,2.337786858081817,0.8976098948378524,0.3691932070255279,0.3309210959965792,0.9020040365395356,0.2001400309288508,0.9046656425401024,0.1988540448268854,0.0026616060005668,0.0115430257786771,9.50001608760405,4.99999789486782,16.022997817407926,5.5745083931386405,6.522981729803873,4.8746768789778825,,29.717035072040744,0.4952839178673457,checkpoints/screen_lt_unetmaskcnn_lr5e4_l2.pth,0,5.0,True,3.0,0.5
screen_lt_unetdilatedmaskcnn_lr1e3_l1,liepa,/scratch/lustre/home/igst9025/data/LIEPA_DEMAND/train_manifest.csv,/scratch/lustre/home/igst9025/data/LIEPA_DEMAND/val_manifest.csv,/scratch/lustre/home/igst9025/data/LIEPA_DEMAND/test_manifest.csv,UNetDilatedMaskCNN,L1,42,20,256,0.001,16000,1024,256,1024,2.0,0.02,,,,,10,True,True,6,0.0001,False,False,full_chunks,,100.0,2,5,results,checkpoints,auto,True,,0.0115301515275644,17.0,,20.0,False,113.09507073299028,1.884917845549838,5.620617960352684,199025.0,100,1.9685936510562896,0.9155956484568216,2.334123477935791,0.8825863882361571,0.3655298268795013,0.4958163890704188,0.9020040365395356,0.2001400309288508,0.904994169353162,0.1988603825584977,0.0029901328136264,0.0164023664233502,9.50001608760405,4.99999789486782,17.92007556449138,7.053408041442975,8.420059476887326,6.044521740164321,,51.17777972994372,0.8529629954990621,checkpoints/screen_lt_unetdilatedmaskcnn_lr1e3_l1.pth,0,5.0,True,3.0,0.5
screen_lt_unetdilatedmaskcnn_lr1e3_l2,liepa,/scratch/lustre/home/igst9025/data/LIEPA_DEMAND/train_manifest.csv,/scratch/lustre/home/igst9025/data/LIEPA_DEMAND/val_manifest.csv,/scratch/lustre/home/igst9025/data/LIEPA_DEMAND/test_manifest.csv,UNetDilatedMaskCNN,L2,42,20,256,0.001,16000,1024,256,1024,2.0,0.02,,,,,10,True,True,6,0.0001,False,False,full_chunks,,100.0,2,5,results,checkpoints,auto,True,,0.0023750129187384,17.0,,20.0,False,84.14615371800028,1.402435895300005,4.166526711906772,199025.0,100,1.9685936510562896,0.9155956484568216,2.387987308502197,0.8972589160003377,0.4193936574459076,0.3343988882470211,0.9020040365395356,0.2001400309288508,0.90813115895499,0.1981662151665121,0.0061271224154545,0.0133476876651078,9.50001608760405,4.99999789486782,17.049615871412765,5.858612898391921,7.549599783808707,5.009894042561842,,31.441945896018296,0.524032431600305,checkpoints/screen_lt_unetdilatedmaskcnn_lr1e3_l2.pth,0,5.0,True,3.0,0.5
screen_lt_unetdilatedmaskcnn_lr5e4_l1,liepa,/scratch/lustre/home/igst9025/data/LIEPA_DEMAND/train_manifest.csv,/scratch/lustre/home/igst9025/data/LIEPA_DEMAND/val_manifest.csv,/scratch/lustre/home/igst9025/data/LIEPA_DEMAND/test_manifest.csv,UNetDilatedMaskCNN,L1,42,20,256,0.0005,16000,1024,256,1024,2.0,0.02,,,,,10,True,True,6,0.0001,False,False,full_chunks,,100.0,2,5,results,checkpoints,auto,True,,0.0121593085291274,17.0,,20.0,False,83.25987181195524,1.3876645301992538,4.129499935480999,199025.0,100,1.9685936510562896,0.9155956484568216,2.3169098567962645,0.8928560656402355,0.3483162057399749,0.4580784697953143,0.9020040365395356,0.2001400309288508,0.9079316122050424,0.1980967899976272,0.0059275756655068,0.0179853603340519,9.50001608760405,4.99999789486782,17.718218667189912,6.86805469127702,8.218202579585858,5.883644050971611,,31.76731228805147,0.5294552048008578,checkpoints/screen_lt_unetdilatedmaskcnn_lr5e4_l1.pth,0,5.0,True,3.0,0.5
screen_lt_unetdilatedmaskcnn_lr5e4_l2,liepa,/scratch/lustre/home/igst9025/data/LIEPA_DEMAND/train_manifest.csv,/scratch/lustre/home/igst9025/data/LIEPA_DEMAND/val_manifest.csv,/scratch/lustre/home/igst9025/data/LIEPA_DEMAND/test_manifest.csv,UNetDilatedMaskCNN,L2,42,20,256,0.0005,16000,1024,256,1024,2.0,0.02,,,,,10,True,True,6,0.0001,False,False,full_chunks,,100.0,2,5,results,checkpoints,auto,True,,0.0025453812016521,15.0,,20.0,False,83.06464295799378,1.384410715966563,4.12211898790556,199025.0,100,1.9685936510562896,0.9155956484568216,2.354122202396393,0.9075853936038796,0.3855285513401031,0.3070748695008342,0.9020040365395356,0.2001400309288508,0.9059856042841054,0.198360634028285,0.0039815677445696,0.0113673686024578,9.50001608760405,4.99999789486782,16.78104308683656,5.753301192060165,7.281026999232506,4.98380110479194,,31.37979348609224,0.5229965581015373,checkpoints/screen_lt_unetdilatedmaskcnn_lr5e4_l2.pth,0,5.0,True,3.0,0.5
full_liepa_unetdilatedmaskcnn,liepa,/scratch/lustre/home/igst9025/data/LIEPA_DEMAND/train_manifest_matched.csv,/scratch/lustre/home/igst9025/data/LIEPA_DEMAND/val_manifest_matched.csv,/scratch/lustre/home/igst9025/data/LIEPA_DEMAND/test_manifest_matched.csv,UNetDilatedMaskCNN,L2,42,200,256,0.001,16000,1024,256,1024,2.0,1.0,,,,,10,True,True,10,0.0001,True,True,full_chunks,,,3,5,results,checkpoints,auto,True,,0.0016750558254989,24.0,,34.0,True,577.1878623820376,9.619797706367292,16.95039382883731,199025.0,517,2.011533432818473,0.9318830211757186,2.6019086503429154,0.862628333688549,0.5903752175244418,0.3722102768176447,0.912151601140948,0.2098721312301354,0.92170541122474,0.2082170151630097,0.0095538100837921,0.0201911485266659,9.801972158784263,5.7444443186801095,20.041049832102875,6.777141605194548,10.23907767331861,6.244855759337302,0.0020786964822906,190.09293068491388,3.1682155114152315,checkpoints/full_liepa_unetdilatedmaskcnn.pth,1,5.0,True,3.0,0.5
full_voicebank_unetdilatedmaskcnn,voicebank,/scratch/lustre/home/igst9025/data/voicebank_28spk_manifest/train_manifest.csv,/scratch/lustre/home/igst9025/data/voicebank_28spk_manifest/val_manifest.csv,/scratch/lustre/home/igst9025/data/voicebank_28spk_manifest/test_manifest.csv,UNetDilatedMaskCNN,L2,42,200,256,0.001,16000,1024,256,1024,2.0,1.0,,,,,10,True,True,10,0.0001,True,True,full_chunks,,,3,5,results,checkpoints,auto,True,,0.0046577843491097,47.0,,57.0,True,1687.281280508032,28.12135467513387,29.56829939120277,199025.0,824,1.966752198859326,0.7511758924635548,2.428550575109361,0.609058803989378,0.4617983762500355,0.352130459186193,0.9210894342640092,0.0708791901340746,0.9308118612168512,0.0595512345536549,0.009722426952842,0.0191097540702445,8.449964438904091,5.613506074817883,18.394524381846267,3.7324658800807695,9.944559942942178,4.176083497542393,0.0025087966034528,182.29833200399293,3.038305533399883,checkpoints/full_voicebank_unetdilatedmaskcnn.pth,0,5.0,True,3.0,0.5
sweep_nfft512,liepa,/scratch/lustre/home/igst9025/data/LIEPA_DEMAND/train_manifest.csv,/scratch/lustre/home/igst9025/data/LIEPA_DEMAND/val_manifest.csv,/scratch/lustre/home/igst9025/data/LIEPA_DEMAND/test_manifest.csv,UNetDilatedMaskCNN,L2,42,20,256,0.001,16000,512,128,512,2.0,0.02,,,,,10,True,True,6,0.0001,False,False,full_chunks,,100.0,2,5,results,checkpoints,auto,True,,0.0015612529428928,17.0,,20.0,False,148.96702332096174,2.482783722016029,7.414843211241532,199025.0,100,1.9685936510562896,0.9155956484568216,2.356958756446838,0.8835287303727121,0.3883651053905487,0.3678377518765384,0.9020040365395356,0.2001400309288508,0.9072478132568624,0.1971742168393698,0.0052437767173267,0.0163148657460213,9.50001608760405,4.99999789486782,16.904431143546347,5.929322903148971,7.4044150559423,4.949643929128924,,60.48695712897461,1.0081159521495768,checkpoints/sweep_nfft512.pth,0,5.0,True,3.0,0.5
sweep_nfft1024,liepa,/scratch/lustre/home/igst9025/data/LIEPA_DEMAND/train_manifest.csv,/scratch/lustre/home/igst9025/data/LIEPA_DEMAND/val_manifest.csv,/scratch/lustre/home/igst9025/data/LIEPA_DEMAND/test_manifest.csv,UNetDilatedMaskCNN,L2,42,20,256,0.001,16000,1024,256,1024,2.0,0.02,,,,,10,True,True,6,0.0001,False,False,full_chunks,,100.0,2,5,results,checkpoints,auto,True,,0.0023773063558264,17.0,,20.0,False,100.48273503698874,1.674712250616479,4.984845985245192,199025.0,100,1.9685936510562896,0.9155956484568216,2.388421796560288,0.8972427467133679,0.4198281455039978,0.3372287095567199,0.9020040365395356,0.2001400309288508,0.908081512910362,0.1981602406594901,0.0060774763708264,0.0134113924538941,9.50001608760405,4.99999789486782,17.036506971311212,5.8565397189706125,7.53649088370716,5.015679783230524,,46.607105756993406,0.7767850959498901,checkpoints/sweep_nfft1024.pth,0,5.0,True,3.0,0.5
sweep_nfft2048,liepa,/scratch/lustre/home/igst9025/data/LIEPA_DEMAND/train_manifest.csv,/scratch/lustre/home/igst9025/data/LIEPA_DEMAND/val_manifest.csv,/scratch/lustre/home/igst9025/data/LIEPA_DEMAND/test_manifest.csv,UNetDilatedMaskCNN,L2,42,20,256,0.001,16000,2048,512,2048,2.0,0.02,,,,,10,True,True,6,0.0001,False,False,full_chunks,,100.0,2,5,results,checkpoints,auto,True,,0.0037668177944813,16.0,,20.0,False,98.70781101996543,1.6451301836660908,4.900997881090734,199025.0,100,1.9685936510562896,0.9155956484568216,2.34144943356514,0.8926461647122338,0.3728557825088501,0.297592487790983,0.9020040365395356,0.2001400309288508,0.9040308800543588,0.1988215590675492,0.002026843514823,0.0126501489502508,9.50001608760405,4.99999789486782,16.143551155070938,5.8809990191258334,6.643535067466888,5.406704414151836,,42.7968132479582,0.7132802207993033,checkpoints/sweep_nfft2048.pth,0,5.0,True,3.0,0.5
sweep_seg1s,liepa,/scratch/lustre/home/igst9025/data/LIEPA_DEMAND/train_manifest.csv,/scratch/lustre/home/igst9025/data/LIEPA_DEMAND/val_manifest.csv,/scratch/lustre/home/igst9025/data/LIEPA_DEMAND/test_manifest.csv,UNetDilatedMaskCNN,L2,42,20,256,0.001,16000,1024,256,1024,1.0,0.02,,,,,10,True,True,6,0.0001,False,False,full_chunks,,100.0,2,5,results,checkpoints,auto,True,,0.0026324096207842,15.0,,20.0,False,81.92173408903182,1.365362234817197,4.064120208856184,199025.0,100,1.9685936510562896,0.9155956484568216,2.413992884159088,0.8978970358767845,0.4453992331027984,0.3408274575866349,0.9020040365395356,0.2001400309288508,0.9074913140160068,0.1976381321117823,0.0054872774764711,0.0143057619790369,9.50001608760405,4.99999789486782,16.89617061462419,6.185133882428102,7.396154527020133,5.270090031056132,,29.45698824198917,0.4909498040331527,checkpoints/sweep_seg1s.pth,0,5.0,True,3.0,0.5
sweep_seg2s,liepa,/scratch/lustre/home/igst9025/data/LIEPA_DEMAND/train_manifest.csv,/scratch/lustre/home/igst9025/data/LIEPA_DEMAND/val_manifest.csv,/scratch/lustre/home/igst9025/data/LIEPA_DEMAND/test_manifest.csv,UNetDilatedMaskCNN,L2,42,20,256,0.001,16000,1024,256,1024,2.0,0.02,,,,,10,True,True,6,0.0001,False,False,full_chunks,,100.0,2,5,results,checkpoints,auto,True,,0.002377784443956,17.0,,20.0,False,79.42272611998487,1.323712101999748,3.940916253463365,199025.0,100,1.9685936510562896,0.9155956484568216,2.388516664505005,0.8974648259293744,0.4199230134487152,0.3359542739502589,0.9020040365395356,0.2001400309288508,0.9081219106184188,0.1981846979055432,0.0061178740788833,0.0133421696679487,9.50001608760405,4.99999789486782,17.05423323486907,5.8620440496766815,7.554217147265016,5.012924048615484,,29.495180230005644,0.4915863371667607,checkpoints/sweep_seg2s.pth,0,5.0,True,3.0,0.5
sweep_seg4s,liepa,/scratch/lustre/home/igst9025/data/LIEPA_DEMAND/train_manifest.csv,/scratch/lustre/home/igst9025/data/LIEPA_DEMAND/val_manifest.csv,/scratch/lustre/home/igst9025/data/LIEPA_DEMAND/test_manifest.csv,UNetDilatedMaskCNN,L2,42,20,128,0.001,16000,1024,256,1024,4.0,0.02,,,,,10,True,True,6,0.0001,False,False,full_chunks,,100.0,2,5,results,checkpoints,auto,True,,0.0016430766174499,16.0,,20.0,False,107.07679023302626,1.7846131705504376,5.325073882151628,199025.0,100,1.9685936510562896,0.9155956484568216,2.3646844828128817,0.8798306121061213,0.3960908317565918,0.3040757531559513,0.9020040365395356,0.2001400309288508,0.9110633673627488,0.1975584406642798,0.009059330823213,0.015677630183924,9.50001608760405,4.99999789486782,17.95493489793423,6.36626457666758,8.45491881033018,5.339390982894913,,29.56764938100241,0.4927941563500402,checkpoints/sweep_seg4s.pth,0,5.0,True,3.0,0.5
full_liepa_unetdilatedmaskcnn_v2,liepa,/scratch/lustre/home/igst9025/data/LIEPA_DEMAND/train_manifest_matched.csv,/scratch/lustre/home/igst9025/data/LIEPA_DEMAND/val_manifest_matched.csv,/scratch/lustre/home/igst9025/data/LIEPA_DEMAND/test_manifest_matched.csv,UNetDilatedMaskCNN,L2,42,200,256,0.001,16000,1024,256,1024,2.0,1.0,,,,,10,True,True,10,0.0001,True,True,full_chunks,,,3,5,results,checkpoints,auto,True,,0.0016256195212503,25.0,0.0023933004770905,35.0,True,634.0241083420115,10.567068472366858,18.084778092937945,199025.0,517,2.011533432818473,0.9318830211757186,2.5722920714771265,0.8622115455238908,0.5607586386586527,0.3410151578485273,0.912151601140948,0.2098721312301354,0.9221363102751998,0.2082874389051327,0.0099847091342518,0.0200213902407505,9.801972158784263,5.7444443186801095,19.86704408270176,6.65792638215926,10.065071923917492,5.91668179258601,0.0020053535713143,214.09224977204576,3.568204162867429,checkpoints/full_liepa_unetdilatedmaskcnn_v2.pth,1,5.0,True,3.0,0.5
full_voicebank_unetdilatedmaskcnn_v2,voicebank,/scratch/lustre/home/igst9025/data/voicebank_28spk_manifest/train_manifest.csv,/scratch/lustre/home/igst9025/data/voicebank_28spk_manifest/val_manifest.csv,/scratch/lustre/home/igst9025/data/voicebank_28spk_manifest/test_manifest.csv,UNetDilatedMaskCNN,L2,42,200,256,0.001,16000,1024,256,1024,2.0,1.0,,,,,10,True,True,10,0.0001,True,True,full_chunks,,,3,5,results,checkpoints,auto,True,,0.0046497649595546,47.0,,57.0,True,1747.6542099990183,29.127570166650305,30.634140966021,199025.0,824,1.966752198859326,0.7511758924635548,2.412135862899058,0.608171514962612,0.4453836640397322,0.347723037325841,0.9210894342640092,0.0708791901340746,0.9306803608610807,0.0595581632477128,0.0095909265970716,0.0190997427711376,8.449964438904091,5.613506074817883,18.399373985872813,3.73773377284509,9.94940954696872,4.175690565031514,0.0025129327120087,170.18010235507973,2.836335039251329,checkpoints/full_voicebank_unetdilatedmaskcnn_v2.pth,0,5.0,True,3.0,0.5
full_liepa_full_unetdilatedmaskcnn_v2,liepa,/scratch/lustre/home/igst9025/data/LIEPA_DEMAND/train_manifest.csv,/scratch/lustre/home/igst9025/data/LIEPA_DEMAND/val_manifest.csv,/scratch/lustre/home/igst9025/data/LIEPA_DEMAND/test_manifest.csv,UNetDilatedMaskCNN,L2,42,100,256,0.001,16000,1024,256,1024,2.0,1.0,,,,,10,True,True,10,0.0001,True,True,full_chunks,,,3,5,results,checkpoints,auto,True,,0.0012208283165742,19.0,,29.0,True,3601.361916249967,60.02269860416612,124.1570876074457,199025.0,6768,2.001227015158245,0.910149622967824,2.6759292668097125,0.8352736811182417,0.6747022516514675,0.3815525865013235,0.9173149918617454,0.1958668810076235,0.9312588834615176,0.1941097944775909,0.0139438915997724,0.023594574096982,10.004661170496725,5.5872140122776965,21.018371945484088,6.642955805151671,11.013710774987365,6.204451185573911,0.0015952223989213,2330.2765470979502,38.83794245163251,checkpoints/full_liepa_full_unetdilatedmaskcnn_v2.pth,9,5.0,True,3.0,0.5
cross_en_model_on_lt_unetdilatedmaskcnn_v2,liepa,/scratch/lustre/home/igst9025/data/LIEPA_DEMAND/train_manifest_matched.csv,/scratch/lustre/home/igst9025/data/LIEPA_DEMAND/val_manifest_matched.csv,/scratch/lustre/home/igst9025/data/LIEPA_DEMAND/test_manifest_matched.csv,UNetDilatedMaskCNN,L2,42,200,256,0.001,16000,1024,256,1024,2.0,1.0,,,,,10,True,True,10,0.0001,True,True,full_chunks,,,3,5,results,checkpoints,auto,True,,,,,,,,,,,517,2.011533432818473,0.9318830211757186,2.4104656638213697,0.8386625915798105,0.3989322310028961,0.3724589266012236,0.912151601140948,0.2098721312301354,0.9192082776398176,0.2083699019894665,0.0070566764988694,0.0254088026634251,9.801972158784263,5.7444443186801095,17.074549836492224,5.499541236582268,7.272577677707957,5.687260283488961,0.0027925944651256,159.19481387699489,2.653246897949914,checkpoints/full_voicebank_unetdilatedmaskcnn_best.pth,1,5.0,True,3.0,0.5
cross_lt_model_on_en_unetdilatedmaskcnn_v2,voicebank,/scratch/lustre/home/igst9025/data/voicebank_28spk_manifest/train_manifest.csv,/scratch/lustre/home/igst9025/data/voicebank_28spk_manifest/val_manifest.csv,/scratch/lustre/home/igst9025/data/voicebank_28spk_manifest/test_manifest.csv,UNetDilatedMaskCNN,L2,42,200,256,0.001,16000,1024,256,1024,2.0,1.0,,,,,10,True,True,10,0.0001,True,True,full_chunks,,,3,5,results,checkpoints,auto,True,,,,,,,,,,,824,1.966752198859326,0.7511758924635548,2.337946822921049,0.5431166644098798,0.3711946240617234,0.3739663276857264,0.9210894342640092,0.0708791901340746,0.9211690564586456,0.0659340044865039,7.962219463646397e-05,0.0158059995788298,8.449964438904091,5.613506074817883,18.171225008776545,4.0764513860039,9.721260569872452,4.67934522840814,0.0043028262913414,174.5243051839061,2.9087384197317685,checkpoints/full_liepa_unetdilatedmaskcnn_best.pth,0,5.0,True,3.0,0.5
sweep_nfft512_seg1s,liepa,/scratch/lustre/home/igst9025/data/LIEPA_DEMAND/train_manifest.csv,/scratch/lustre/home/igst9025/data/LIEPA_DEMAND/val_manifest.csv,/scratch/lustre/home/igst9025/data/LIEPA_DEMAND/test_manifest.csv,UNetDilatedMaskCNN,L2,42,20,256,0.001,16000,512,128,512,1.0,0.02,,,,,10,True,True,6,0.0001,False,False,full_chunks,,100.0,2,5,results,checkpoints,auto,True,,0.001652331496467,18.0,,20.0,False,127.73299119900912,2.128883186650152,6.352939428051468,199025.0,100,1.9685936510562896,0.9155956484568216,2.389340888261795,0.8864481778375298,0.4207472372055054,0.4015855148738768,0.9020040365395356,0.2001400309288508,0.9084976699146328,0.1964755621931372,0.0064936333750973,0.0209655405290482,9.50001608760405,4.99999789486782,17.067860785356647,6.081523555507747,7.567844697752593,5.121103095210675,,62.11775456299074,1.035295909383179,checkpoints/sweep_nfft512_seg1s.pth,0,5.0,True,3.0,0.5
sweep_nfft512_seg4s,liepa,/scratch/lustre/home/igst9025/data/LIEPA_DEMAND/train_manifest.csv,/scratch/lustre/home/igst9025/data/LIEPA_DEMAND/val_manifest.csv,/scratch/lustre/home/igst9025/data/LIEPA_DEMAND/test_manifest.csv,UNetDilatedMaskCNN,L2,42,20,128,0.001,16000,512,128,512,4.0,0.02,,,,,10,True,True,6,0.0001,False,False,full_chunks,,100.0,2,5,results,checkpoints,auto,True,,0.0011039134917086,13.0,,19.0,True,102.0681234720396,1.7011353912006597,5.3293768999007485,199025.0,100,1.9685936510562896,0.9155956484568216,2.405502319335937,0.8921911062553655,0.4369086682796478,0.3823964340803707,0.9020040365395356,0.2001400309288508,0.9084751805550252,0.1966500080919895,0.0064711440154895,0.0183207576421372,9.50001608760405,4.99999789486782,17.423133866003408,6.257915279259637,7.923117778399354,5.322293649140395,,30.08504349796567,0.5014173916327612,checkpoints/sweep_nfft512_seg4s.pth,0,5.0,True,3.0,0.5
sweep_nfft2048_seg1s,liepa,/scratch/lustre/home/igst9025/data/LIEPA_DEMAND/train_manifest.csv,/scratch/lustre/home/igst9025/data/LIEPA_DEMAND/val_manifest.csv,/scratch/lustre/home/igst9025/data/LIEPA_DEMAND/test_manifest.csv,UNetDilatedMaskCNN,L2,42,20,256,0.001,16000,2048,512,2048,1.0,0.02,,,,,10,True,True,6,0.0001,False,False,full_chunks,,100.0,2,5,results,checkpoints,auto,True,,0.0040581512852414,15.0,,20.0,False,83.34702753799502,1.3891171256332504,4.133923661214067,199025.0,100,1.9685936510562896,0.9155956484568216,2.343118163347244,0.8982687224877325,0.3745245122909545,0.3043089503585511,0.9020040365395356,0.2001400309288508,0.9035969274703164,0.1989235909118095,0.0015928909307809,0.0114863638100821,9.50001608760405,4.99999789486782,16.382566866007828,6.441551882025417,6.882550778403778,5.418563848171698,,44.16395930200815,0.7360659883668025,checkpoints/sweep_nfft2048_seg1s.pth,0,5.0,True,3.0,0.5
sweep_nfft2048_seg4s,liepa,/scratch/lustre/home/igst9025/data/LIEPA_DEMAND/train_manifest.csv,/scratch/lustre/home/igst9025/data/LIEPA_DEMAND/val_manifest.csv,/scratch/lustre/home/igst9025/data/LIEPA_DEMAND/test_manifest.csv,UNetDilatedMaskCNN,L2,42,20,128,0.001,16000,2048,512,2048,4.0,0.02,,,,,10,True,True,6,0.0001,False,False,full_chunks,,100.0,2,5,results,checkpoints,auto,True,,0.00270262354251983,16.0,,20.0,False,107.00565543491393,1.7834275905818988,5.31872429693467,199025.0,100,1.9685936510562896,0.9155956484568216,2.302419310808182,0.898389546107978,0.3338256597518921,0.26279424345270147,0.9020040365395355,0.20014003092885088,0.9074645109442759,0.1987839790379549,0.005460474404740332,0.011389682307863493,9.50001608760405,4.99999789486782,16.993031129773033,6.198328167731233,7.493015042168979,5.242101377554124,,30.4002347959904,0.5066705799331733,checkpoints/sweep_nfft2048_seg4s.pth,0,5.0,True,3.0,0.5
